kaseko;kaseko
lewus;lewus
vvarion;vvarion
sinmivak;sinmivak
rybsonlol_;rybson
ben3kk;ben3k
arquel;arquel
bluealert;bluealert
czekolad_;czekolad
melonik;melonik
stazjaa;stazja